264.6875,-72.4375,153.5625,22.773763201778735,93.24897274084728,100,85.48232757075455,23.41719437450726,g
264.6875,-72.3125,153.5,22.773763201778735,92.73743219726285,100,85.87060533275239,22.96959639887082,g
264.9375,-72.4375,153.125,22.31337671255274,93.76051328443185,100,85.09404980875667,22.07440044759798,g
265.0625,-72.5625,152.5,23.234149691004788,93.24897274084728,100,85.09404980875667,22.521998423234407,g
264.4375,-73.0625,153.75,21.8529902233267,92.22589165367835,100,85.09404980875667,22.07440044759798,g
265.25,-72.5,152.875,22.31337671255274,93.24897274084728,100,85.87060533275239,21.626802471961568,g
266.5,-72.3125,154.0625,21.8529902233267,92.73743219726285,100,84.7057720467588,21.626802471961568,g
267.0,-72.625,153.5,22.773763201778735,93.24897274084728,99.69455647548168,84.31749428476093,21.626802471961568,g
267.3125,-73.375,151.6875,20.93221724487458,92.22589165367835,99.69455647548168,84.31749428476093,21.626802471961568,g
267.0,-73.625,151.625,22.31337671255274,92.73743219726285,100,84.31749428476093,20.731606520688686,g
267.5625,-73.75,151.0625,22.31337671255274,92.73743219726285,99.13891760917437,85.09404980875667,21.626802471961568,g
267.25,-73.75,151.8125,22.773763201778735,92.73743219726285,98.58327874286715,84.31749428476093,20.731606520688686,g
266.75,-73.5,152.0625,22.773763201778735,90.69127002292484,100,83.92921652276307,20.284008545052245,g
266.375,-72.9375,153.875,23.234149691004788,92.22589165367835,99.13891760917437,83.92921652276307,19.388812593779434,g
266.4375,-73.1875,153.9375,21.8529902233267,90.69127002292484,99.13891760917437,83.5409387607652,19.836410569415833,g
266.25,-73.6875,154.25,21.8529902233267,90.69127002292484,98.58327874286715,83.5409387607652,20.731606520688686,g
264.9375,-73.8125,155.625,22.773763201778735,92.22589165367835,98.58327874286715,83.92921652276307,20.731606520688686,g
264.875,-73.75,156.5625,21.8529902233267,92.22589165367835,98.58327874286715,83.5409387607652,21.179204496325085,g
265.875,-73.625,155.4375,22.31337671255274,92.22589165367835,98.58327874286715,83.15266099876735,20.731606520688686,g
266.0,-73.5625,155.625,22.31337671255274,90.69127002292484,99.13891760917437,83.15266099876735,20.284008545052245,g
265.4375,-73.75,156.0625,19.09067128797045,91.20281056650941,98.02763987655976,83.15266099876735,20.284008545052245,g
265.4375,-73.8125,156.0625,20.93221724487458,91.71435111009384,98.02763987655976,83.92921652276307,20.731606520688686,g
265.8125,-74.0,155.5,21.8529902233267,90.69127002292484,98.02763987655976,84.31749428476093,19.836410569415833,g
265.5,-74.0625,156.4375,21.392603734100646,90.69127002292484,98.02763987655976,83.92921652276307,20.731606520688686,g
264.9375,-73.8125,158.5,20.93221724487458,90.17972947934041,98.02763987655976,83.5409387607652,18.94121461814295,g
264.8125,-73.9375,158.1875,20.47183075564854,90.69127002292484,97.47200101025254,83.92921652276307,19.836410569415833,g
264.25,-73.3125,158.6875,21.8529902233267,91.20281056650941,97.47200101025254,83.15266099876735,19.836410569415833,g
264.9375,-73.125,158.625,20.47183075564854,90.69127002292484,97.47200101025254,82.3761054747716,20.284008545052245,g
265.125,-72.875,158.8125,21.392603734100646,90.69127002292484,98.02763987655976,83.5409387607652,19.388812593779434,g
264.75,-72.6875,159.125,21.392603734100646,90.69127002292484,96.91636214394524,83.5409387607652,19.836410569415833,g
264.5625,-73.125,158.3125,21.8529902233267,90.69127002292484,96.91636214394524,83.15266099876735,19.388812593779434,g
263.875,-73.4375,158.5,21.8529902233267,91.20281056650941,97.47200101025254,82.76438323676945,19.388812593779434,g
263.8125,-73.8125,158.0625,22.31337671255274,90.69127002292484,97.47200101025254,83.5409387607652,19.388812593779434,g
263.5625,-73.9375,158.5625,23.234149691004788,90.69127002292484,96.91636214394524,83.15266099876735,19.388812593779434,g
263.0625,-73.5625,159.625,22.31337671255274,91.20281056650941,96.91636214394524,83.15266099876735,19.388812593779434,g
263.1875,-73.75,159.1875,22.31337671255274,90.69127002292484,97.47200101025254,82.76438323676945,18.04601866687011,g
263.25,-73.5,158.25,22.31337671255274,87.62202676141797,96.91636214394524,82.76438323676945,18.94121461814295,g
263.75,-73.6875,157.0625,22.773763201778735,91.20281056650941,95.8050844113307,81.98782771277374,18.94121461814295,g
263.75,-73.9375,157.0,22.31337671255274,90.69127002292484,96.36072327763793,81.59954995077588,19.388812593779434,g
264.4375,-73.875,155.8125,23.234149691004788,92.22589165367835,95.8050844113307,82.76438323676945,18.493616642506552,g
264.75,-73.4375,154.125,21.392603734100646,91.20281056650941,97.47200101025254,82.76438323676945,18.493616642506552,g
264.875,-73.4375,153.9375,21.8529902233267,90.17972947934041,95.8050844113307,82.3761054747716,18.04601866687011,g
264.5625,-73.3125,155.0,20.93221724487458,90.17972947934041,95.24944554502332,82.3761054747716,18.94121461814295,g
264.5,-73.25,155.25,21.8529902233267,91.20281056650941,97.47200101025254,82.3761054747716,18.493616642506552,g
264.75,-72.875,155.5625,21.392603734100646,91.20281056650941,95.8050844113307,81.98782771277374,18.493616642506552,g
264.4375,-72.875,156.5625,21.392603734100646,90.17972947934041,95.8050844113307,82.3761054747716,18.04601866687011,g
264.625,-72.75,156.375,20.93221724487458,90.69127002292484,95.24944554502332,81.98782771277374,18.493616642506552,g
264.5,-72.875,157.0625,21.8529902233267,89.66818893575591,95.24944554502332,81.98782771277374,18.94121461814295,g
265.3125,-72.75,154.875,20.47183075564854,91.71435111009384,95.8050844113307,81.59954995077588,18.94121461814295,g
265.125,-72.9375,154.875,21.8529902233267,90.69127002292484,95.8050844113307,81.98782771277374,18.94121461814295,g
264.5625,-73.1875,155.75,22.773763201778735,90.17972947934041,95.8050844113307,81.98782771277374,18.04601866687011,g
264.9375,-73.0625,155.0625,21.8529902233267,89.66818893575591,94.6938066787161,81.59954995077588,17.5984206912337,g
265.0,-73.125,154.5625,21.8529902233267,89.1566483921714,94.6938066787161,81.98782771277374,18.94121461814295,g
264.5,-73.5625,154.4375,22.31337671255274,91.20281056650941,94.6938066787161,81.59954995077588,18.493616642506552,g
265.0,-73.375,154.4375,22.31337671255274,90.17972947934041,95.24944554502332,81.59954995077588,18.04601866687011,g
265.5,-73.375,154.0,21.8529902233267,89.66818893575591,95.8050844113307,81.59954995077588,18.04601866687011,g
265.375,-73.3125,154.25,22.31337671255274,90.17972947934041,95.24944554502332,81.98782771277374,18.493616642506552,g
265.3125,-73.25,154.625,21.8529902233267,90.69127002292484,94.1381678124088,81.59954995077588,18.493616642506552,g
265.5,-73.375,155.375,22.31337671255274,90.69127002292484,95.8050844113307,81.21127218877803,18.04601866687011,g
265.6875,-73.375,154.9375,21.8529902233267,90.69127002292484,95.24944554502332,81.21127218877803,18.94121461814295,g
266.1875,-73.0625,153.875,21.392603734100646,89.1566483921714,95.24944554502332,81.59954995077588,18.04601866687011,g
266.0625,-73.3125,154.1875,21.8529902233267,90.17972947934041,95.8050844113307,82.3761054747716,18.493616642506552,g
265.625,-73.3125,154.0625,21.392603734100646,90.17972947934041,95.24944554502332,81.59954995077588,18.04601866687011,g
265.3125,-73.3125,154.0,21.392603734100646,90.69127002292484,94.1381678124088,81.59954995077588,18.04601866687011,g
265.375,-73.1875,153.875,21.8529902233267,90.17972947934041,95.24944554502332,81.21127218877803,18.493616642506552,g
265.375,-73.1875,153.875,21.8529902233267,90.17972947934041,95.8050844113307,81.21127218877803,19.836410569415833,g
265.375,-73.25,153.5,22.31337671255274,89.66818893575591,94.6938066787161,81.21127218877803,18.493616642506552,g
265.1875,-73.125,153.9375,21.8529902233267,89.66818893575591,95.24944554502332,81.98782771277374,20.731606520688686,g
265.4375,-73.1875,153.0,21.392603734100646,90.69127002292484,95.24944554502332,81.59954995077588,18.493616642506552,g
265.5,-73.125,148.375,20.93221724487458,90.69127002292484,95.24944554502332,81.21127218877803,18.94121461814295,g
265.5625,-73.0625,149.75,20.93221724487458,89.1566483921714,94.1381678124088,81.59954995077588,17.5984206912337,g
265.4375,-73.0,150.8125,21.392603734100646,89.1566483921714,94.6938066787161,81.21127218877803,18.493616642506552,g
265.25,-73.25,151.25,21.8529902233267,89.66818893575591,94.1381678124088,81.21127218877803,18.94121461814295,g
265.5625,-73.0625,151.625,21.392603734100646,90.17972947934041,93.58252894610149,80.04643890278442,18.94121461814295,g
265.125,-73.125,151.625,21.392603734100646,90.17972947934041,94.1381678124088,81.21127218877803,18.493616642506552,g
265.125,-73.25,151.625,21.8529902233267,89.66818893575591,94.6938066787161,81.59954995077588,18.493616642506552,g
265.375,-73.125,151.9375,21.8529902233267,89.66818893575591,94.6938066787161,81.59954995077588,18.493616642506552,g
265.9375,-72.625,151.625,21.392603734100646,90.17972947934041,94.6938066787161,81.21127218877803,21.179204496325085,g
265.5625,-72.375,153.9375,22.773763201778735,89.66818893575591,94.1381678124088,80.82299442678013,18.94121461814295,g
265.75,-72.375,153.3125,21.8529902233267,90.17972947934041,94.6938066787161,81.21127218877803,17.5984206912337,g
265.6875,-72.5625,153.6875,20.93221724487458,89.66818893575591,94.1381678124088,80.04643890278442,18.493616642506552,g
265.125,-73.0,154.6875,21.8529902233267,90.69127002292484,93.02689007979419,81.21127218877803,18.04601866687011,g
265.0625,-73.0625,154.75,21.392603734100646,90.17972947934041,94.1381678124088,80.82299442678013,19.388812593779434,g
265.3125,-73.3125,156.0,20.47183075564854,89.66818893575591,91.91561234717965,80.82299442678013,18.04601866687011,g
265.375,-73.1875,154.5625,21.392603734100646,89.66818893575591,95.24944554502332,81.21127218877803,18.04601866687011,g
265.0,-72.9375,154.0625,21.8529902233267,89.66818893575591,94.1381678124088,81.21127218877803,17.5984206912337,g
264.875,-72.875,155.1875,21.392603734100646,88.6451078485869,93.58252894610149,82.3761054747716,18.04601866687011,g
265.0,-72.9375,155.625,21.392603734100646,90.17972947934041,93.58252894610149,80.82299442678013,17.5984206912337,g
265.3125,-73.0,155.0625,21.392603734100646,88.6451078485869,92.47125121348688,80.82299442678013,17.5984206912337,g
265.4375,-73.25,154.6875,21.392603734100646,90.69127002292484,94.1381678124088,81.21127218877803,17.5984206912337,g
265.375,-72.9375,154.625,23.234149691004788,89.66818893575591,93.02689007979419,81.21127218877803,16.703224739960817,g
265.3125,-73.0625,154.625,20.93221724487458,89.1566483921714,94.1381678124088,81.21127218877803,17.5984206912337,g
264.5625,-73.0625,154.375,21.392603734100646,88.6451078485869,94.1381678124088,81.21127218877803,18.04601866687011,g
264.25,-73.125,155.25,22.31337671255274,90.69127002292484,93.58252894610149,81.21127218877803,18.04601866687011,g
264.0625,-73.3125,156.25,21.8529902233267,89.1566483921714,95.8050844113307,81.21127218877803,18.04601866687011,g
264.1875,-73.1875,156.0,20.93221724487458,89.1566483921714,93.02689007979419,80.82299442678013,16.703224739960817,g
264.0625,-73.375,155.8125,21.392603734100646,88.6451078485869,93.58252894610149,81.21127218877803,18.04601866687011,g
264.1875,-73.4375,155.5625,20.93221724487458,89.1566483921714,93.58252894610149,81.59954995077588,18.94121461814295,g
264.375,-73.5,154.6875,21.8529902233267,89.1566483921714,93.58252894610149,80.82299442678013,18.04601866687011,g
264.3125,-73.5,154.625,21.8529902233267,89.66818893575591,91.91561234717965,80.43471666478229,18.493616642506552,g
264.5,-73.4375,154.1875,21.8529902233267,89.1566483921714,94.1381678124088,80.82299442678013,18.493616642506552,g
264.5625,-73.4375,153.9375,21.8529902233267,88.6451078485869,94.1381678124088,80.82299442678013,18.04601866687011,g
264.6875,-73.25,154.0,22.31337671255274,89.66818893575591,92.47125121348688,81.59954995077588,17.5984206912337,g
264.375,-73.3125,154.375,21.8529902233267,89.66818893575591,92.47125121348688,81.21127218877803,18.04601866687011,g
263.625,-72.8125,155.5625,20.93221724487458,86.08740513066446,93.02689007979419,81.21127218877803,18.04601866687011,g
263.75,-72.625,154.0625,22.773763201778735,88.6451078485869,92.47125121348688,81.59954995077588,18.493616642506552,g
263.9375,-72.8125,153.875,21.392603734100646,90.17972947934041,93.58252894610149,80.82299442678013,18.04601866687011,g
264.125,-72.875,153.625,20.93221724487458,88.6451078485869,93.02689007979419,81.21127218877803,18.04601866687011,g
264.4375,-72.875,154.375,20.93221724487458,88.6451078485869,93.58252894610149,81.59954995077588,17.5984206912337,g
264.0,-72.8125,156.3125,22.31337671255274,88.6451078485869,93.02689007979419,81.59954995077588,17.5984206912337,g
264.125,-72.8125,156.625,22.31337671255274,89.1566483921714,94.6938066787161,81.59954995077588,17.5984206912337,g
263.875,-72.5625,157.875,21.8529902233267,89.66818893575591,93.02689007979419,80.43471666478229,18.493616642506552,g
263.75,-72.625,157.5,21.392603734100646,89.1566483921714,93.02689007979419,80.43471666478229,17.5984206912337,g
263.25,-72.5,158.3125,20.011444266422544,89.1566483921714,93.02689007979419,81.59954995077588,17.5984206912337,g
263.6875,-72.4375,157.5,20.47183075564854,88.6451078485869,93.58252894610149,80.82299442678013,17.5984206912337,g
263.625,-72.625,157.75,21.392603734100646,88.6451078485869,94.6938066787161,80.82299442678013,17.5984206912337,g
263.6875,-72.3125,157.875,19.551057777196505,89.66818893575591,93.02689007979419,80.82299442678013,18.04601866687011,g
264.0,-71.9375,157.375,20.93221724487458,88.6451078485869,93.02689007979419,81.98782771277374,17.5984206912337,g
263.625,-71.9375,158.1875,21.392603734100646,88.1335673050024,92.47125121348688,81.21127218877803,17.150822715597272,g
263.625,-72.375,157.6875,24.154922669456894,88.1335673050024,93.58252894610149,83.15266099876735,17.5984206912337,g
263.1875,-72.5625,157.875,21.8529902233267,89.1566483921714,93.58252894610149,80.82299442678013,18.493616642506552,g
263.5,-72.5625,157.5625,20.93221724487458,90.17972947934041,93.02689007979419,79.26988337878868,17.5984206912337,g
263.1875,-72.5,158.0,21.392603734100646,88.6451078485869,91.91561234717965,80.82299442678013,17.150822715597272,g
262.875,-72.75,157.625,20.47183075564854,88.1335673050024,93.02689007979419,80.82299442678013,17.5984206912337,g
262.75,-73.0,157.9375,20.93221724487458,89.1566483921714,93.02689007979419,80.82299442678013,17.5984206912337,g
262.8125,-73.0625,158.0,20.47183075564854,89.1566483921714,92.47125121348688,80.82299442678013,18.04601866687011,g
263.625,-73.0625,157.8125,19.551057777196505,89.66818893575591,91.91561234717965,80.82299442678013,18.04601866687011,g
263.1875,-73.5,157.8125,21.8529902233267,89.1566483921714,93.58252894610149,80.43471666478229,18.94121461814295,g
263.0,-73.375,158.375,20.93221724487458,88.1335673050024,93.02689007979419,80.82299442678013,18.94121461814295,g
262.5,-73.1875,158.9375,21.392603734100646,88.1335673050024,92.47125121348688,80.82299442678013,18.94121461814295,g
262.1875,-73.1875,159.625,21.392603734100646,89.1566483921714,91.91561234717965,80.82299442678013,18.493616642506552,g
262.0625,-73.3125,159.8125,20.47183075564854,89.1566483921714,92.47125121348688,80.43471666478229,18.493616642506552,g
262.1875,-73.3125,159.0,20.47183075564854,88.6451078485869,93.02689007979419,80.82299442678013,18.493616642506552,g
262.1875,-73.3125,158.375,20.47183075564854,87.11048621783347,93.02689007979419,80.82299442678013,18.94121461814295,g
262.0,-73.4375,158.4375,20.93221724487458,88.1335673050024,89.1374180156432,80.82299442678013,18.94121461814295,g
261.8125,-73.5,158.9375,20.47183075564854,88.6451078485869,91.91561234717965,80.04643890278442,21.179204496325085,g
262.0,-73.4375,158.5,20.47183075564854,90.17972947934041,92.47125121348688,80.04643890278442,19.388812593779434,g
262.0,-73.5625,158.0,20.93221724487458,87.62202676141797,93.02689007979419,79.65816114078656,19.836410569415833,g
261.75,-73.625,158.375,20.011444266422544,90.17972947934041,91.91561234717965,81.98782771277374,20.284008545052245,g
261.75,-73.625,157.75,20.93221724487458,87.62202676141797,92.47125121348688,80.43471666478229,19.836410569415833,g
261.625,-73.9375,157.5,22.31337671255274,88.1335673050024,93.02689007979419,80.43471666478229,21.626802471961568,g
261.125,-73.8125,157.4375,20.93221724487458,88.1335673050024,92.47125121348688,80.43471666478229,25.207586277052954,g
260.875,-73.6875,157.625,20.93221724487458,87.62202676141797,91.91561234717965,79.65816114078656,22.96959639887082,g
260.9375,-73.625,157.75,20.011444266422544,87.62202676141797,91.91561234717965,80.43471666478229,22.96959639887082,g
261.0,-73.6875,157.375,20.93221724487458,88.1335673050024,91.91561234717965,80.82299442678013,22.521998423234407,g
260.9375,-73.5625,157.25,20.011444266422544,88.1335673050024,91.91561234717965,80.43471666478229,22.521998423234407,g
260.8125,-73.5625,157.625,19.09067128797045,88.1335673050024,92.47125121348688,80.43471666478229,22.07440044759798,g
261.125,-73.375,158.0,20.011444266422544,87.62202676141797,92.47125121348688,79.65816114078656,22.521998423234407,g
261.1875,-73.75,156.25,20.47183075564854,88.1335673050024,91.91561234717965,80.43471666478229,22.07440044759798,g
261.25,-74.0625,155.9375,20.47183075564854,88.1335673050024,91.35997348087234,79.65816114078656,22.07440044759798,g
261.0,-74.125,155.9375,20.93221724487458,87.62202676141797,91.35997348087234,80.43471666478229,21.179204496325085,g
261.125,-74.125,156.25,19.551057777196505,88.1335673050024,92.47125121348688,79.65816114078656,21.626802471961568,g
261.125,-73.9375,156.875,20.011444266422544,87.62202676141797,92.47125121348688,80.04643890278442,20.731606520688686,g
261.3125,-74.0625,156.1875,20.47183075564854,88.1335673050024,94.6938066787161,80.04643890278442,21.179204496325085,g
260.8125,-73.8125,158.0625,20.93221724487458,90.69127002292484,91.91561234717965,79.65816114078656,21.626802471961568,g
260.875,-73.8125,157.9375,20.011444266422544,87.62202676141797,91.35997348087234,80.04643890278442,21.179204496325085,g
261.0,-73.75,157.5625,19.551057777196505,87.62202676141797,92.47125121348688,79.65816114078656,20.731606520688686,g
260.5,-73.625,159.0625,20.93221724487458,86.59894567424897,93.58252894610149,79.26988337878868,20.731606520688686,g
260.1875,-73.5625,159.5625,20.47183075564854,89.66818893575591,91.35997348087234,79.65816114078656,20.731606520688686,g
260.625,-73.0,160.375,20.011444266422544,88.1335673050024,91.35997348087234,80.04643890278442,21.179204496325085,g
259.875,-72.9375,162.125,20.93221724487458,89.1566483921714,91.35997348087234,80.04643890278442,20.731606520688686,g
259.5,-72.75,163.3125,24.615309158682933,87.62202676141797,91.35997348087234,79.26988337878868,20.284008545052245,g
258.8125,-72.6875,165.5625,20.47183075564854,86.59894567424897,91.91561234717965,80.43471666478229,20.731606520688686,g
259.375,-72.9375,163.4375,20.93221724487458,87.62202676141797,90.80433461456504,79.26988337878868,20.731606520688686,g
258.8125,-73.0625,164.1875,20.93221724487458,89.1566483921714,91.91561234717965,79.26988337878868,20.731606520688686,g
259.375,-72.9375,164.5,21.392603734100646,86.59894567424897,91.91561234717965,79.65816114078656,20.731606520688686,g
260.5,-72.6875,163.375,20.47183075564854,87.62202676141797,92.47125121348688,79.65816114078656,20.284008545052245,g
261.25,-72.75,162.9375,20.93221724487458,87.11048621783347,90.80433461456504,79.65816114078656,20.731606520688686,g
261.6875,-72.875,162.6875,20.93221724487458,87.11048621783347,91.91561234717965,79.26988337878868,20.731606520688686,g
261.875,-72.9375,162.75,21.392603734100646,87.11048621783347,91.35997348087234,79.26988337878868,20.284008545052245,g
262.1875,-72.6875,162.5625,21.392603734100646,88.1335673050024,91.35997348087234,79.65816114078656,20.284008545052245,g
262.75,-72.75,161.875,21.392603734100646,86.59894567424897,91.35997348087234,78.88160561679081,21.179204496325085,g
263.0,-72.9375,162.0625,20.93221724487458,87.11048621783347,92.47125121348688,79.26988337878868,21.179204496325085,g
262.6875,-73.0,162.875,21.392603734100646,87.62202676141797,90.24869574825775,79.26988337878868,25.655184252689395,g
262.875,-73.0,162.8125,20.93221724487458,85.57586458707996,90.24869574825775,79.65816114078656,24.75998830141654,g
263.125,-73.3125,162.4375,20.47183075564854,85.57586458707996,91.35997348087234,79.26988337878868,23.41719437450726,g
263.3125,-73.1875,162.125,20.47183075564854,86.08740513066446,90.80433461456504,80.43471666478229,23.864792350143702,g
263.1875,-72.75,162.4375,20.47183075564854,87.11048621783347,91.35997348087234,80.43471666478229,22.96959639887082,g
263.1875,-72.8125,161.875,20.93221724487458,87.62202676141797,90.24869574825775,78.88160561679081,22.96959639887082,g
263.25,-72.75,162.0,20.011444266422544,86.59894567424897,90.80433461456504,78.49332785479294,22.96959639887082,g
263.375,-72.8125,162.0625,19.551057777196505,86.59894567424897,91.35997348087234,78.88160561679081,22.96959639887082,g
264.125,-72.25,162.1875,19.551057777196505,86.59894567424897,90.80433461456504,79.26988337878868,22.96959639887082,g
264.0,-72.375,161.8125,21.392603734100646,88.1335673050024,90.80433461456504,79.26988337878868,22.96959639887082,g
264.1875,-72.625,161.4375,20.47183075564854,87.62202676141797,90.80433461456504,79.65816114078656,22.96959639887082,g
265.1875,-72.4375,160.8125,20.93221724487458,84.04124295632646,91.35997348087234,78.88160561679081,22.96959639887082,g
265.625,-72.5,159.9375,20.47183075564854,87.11048621783347,91.91561234717965,78.88160561679081,22.521998423234407,g
265.4375,-72.5625,160.0,20.93221724487458,86.08740513066446,90.80433461456504,79.65816114078656,22.521998423234407,g
265.875,-72.5,159.5,19.551057777196505,86.59894567424897,90.24869574825775,79.26988337878868,22.96959639887082,g
265.8125,-72.5,159.5625,20.011444266422544,87.62202676141797,90.80433461456504,78.88160561679081,23.41719437450726,g
265.8125,-72.5625,159.6875,20.93221724487458,87.11048621783347,91.35997348087234,77.71677233079721,22.521998423234407,g
265.8125,-72.25,160.625,20.011444266422544,87.62202676141797,91.35997348087234,79.26988337878868,23.41719437450726,g
266.0,-72.1875,160.3125,20.47183075564854,85.06432404349553,90.80433461456504,79.26988337878868,22.07440044759798,g
266.5625,-72.3125,160.375,20.93221724487458,87.11048621783347,90.24869574825775,79.26988337878868,22.07440044759798,g
267.6875,-72.0,159.25,20.011444266422544,86.08740513066446,91.35997348087234,78.49332785479294,22.521998423234407,g
266.8125,-73.0625,159.3125,20.47183075564854,87.62202676141797,90.80433461456504,79.65816114078656,22.07440044759798,g
266.9375,-73.25,158.0625,20.47183075564854,86.59894567424897,91.91561234717965,79.26988337878868,21.179204496325085,g
267.5625,-73.0,157.0625,20.47183075564854,87.11048621783347,91.35997348087234,80.43471666478229,21.179204496325085,g
267.6875,-73.1875,156.875,20.011444266422544,87.11048621783347,90.80433461456504,79.26988337878868,21.626802471961568,g
268.5625,-73.0625,153.6875,20.47183075564854,87.62202676141797,92.47125121348688,78.88160561679081,21.626802471961568,g
267.5625,-72.8125,156.25,20.011444266422544,88.6451078485869,91.35997348087234,78.88160561679081,21.626802471961568,g
267.9375,-72.75,154.875,20.93221724487458,87.62202676141797,90.80433461456504,78.49332785479294,21.626802471961568,g
268.0625,-73.3125,152.25,20.011444266422544,86.59894567424897,91.35997348087234,80.04643890278442,20.731606520688686,g
268.4375,-73.125,152.3125,20.47183075564854,87.11048621783347,90.24869574825775,78.49332785479294,20.284008545052245,g
268.25,-73.3125,147.9375,22.773763201778735,87.62202676141797,90.80433461456504,79.26988337878868,20.284008545052245,g
268.0,-73.0,149.5625,21.8529902233267,88.1335673050024,90.80433461456504,78.88160561679081,20.731606520688686,g
267.4375,-72.25,153.1875,22.31337671255274,87.62202676141797,90.24869574825775,78.49332785479294,19.836410569415833,g
268.1875,-72.1875,154.6875,20.47183075564854,87.11048621783347,89.69305688195044,79.26988337878868,20.284008545052245,g
266.9375,-73.1875,156.8125,22.31337671255274,87.11048621783347,90.24869574825775,78.10505009279508,20.731606520688686,g
265.75,-72.25,158.6875,21.392603734100646,87.62202676141797,90.24869574825775,78.10505009279508,21.179204496325085,g
265.875,-72.4375,157.25,20.47183075564854,87.62202676141797,90.80433461456504,78.49332785479294,21.179204496325085,g
265.1875,-72.5625,157.9375,21.8529902233267,87.11048621783347,90.80433461456504,78.88160561679081,26.102782228325836,g
265.6875,-72.3125,158.25,21.8529902233267,87.11048621783347,90.24869574825775,79.26988337878868,29.68356603341725,g
265.4375,-71.875,159.625,21.8529902233267,86.59894567424897,90.24869574825775,78.88160561679081,30.131164009053663,g
265.375,-71.3125,160.1875,21.392603734100646,87.11048621783347,90.80433461456504,78.10505009279508,33.26434983850871,g
265.25,-71.3125,159.6875,21.8529902233267,87.62202676141797,89.69305688195044,78.10505009279508,30.131164009053663,g
266.1875,-71.6875,157.625,20.011444266422544,86.59894567424897,90.80433461456504,78.10505009279508,28.78837008214441,g
265.6875,-71.75,157.375,20.93221724487458,85.57586458707996,90.80433461456504,78.88160561679081,28.340772106508,g
265.3125,-71.75,158.125,19.551057777196505,87.11048621783347,91.35997348087234,78.49332785479294,27.89317413087153,g
265.0625,-71.6875,158.5,21.392603734100646,86.59894567424897,90.24869574825775,78.10505009279508,27.445576155235116,g
265.5,-71.125,158.875,22.31337671255274,87.11048621783347,90.80433461456504,78.49332785479294,27.445576155235116,g
265.0,-71.4375,159.8125,20.47183075564854,86.59894567424897,90.80433461456504,78.10505009279508,26.997978179598675,g
264.8125,-71.6875,160.125,20.93221724487458,85.06432404349553,90.80433461456504,78.88160561679081,26.997978179598675,g
265.125,-72.0625,158.9375,21.392603734100646,86.59894567424897,90.24869574825775,78.10505009279508,25.207586277052954,g
265.5625,-71.875,159.5625,21.392603734100646,86.59894567424897,89.69305688195044,78.10505009279508,24.75998830141654,g
265.0,-71.8125,159.4375,21.392603734100646,86.59894567424897,88.5817791493359,78.10505009279508,24.312390325780115,g
265.0,-71.8125,159.5,20.47183075564854,87.11048621783347,91.35997348087234,78.10505009279508,23.41719437450726,g
264.4375,-72.0,161.0,20.47183075564854,85.57586458707996,90.80433461456504,78.10505009279508,22.521998423234407,g
264.375,-72.0,161.0625,21.392603734100646,86.59894567424897,89.69305688195044,78.10505009279508,22.96959639887082,g
264.0,-71.6875,162.1875,20.93221724487458,86.59894567424897,90.24869574825775,78.10505009279508,22.96959639887082,g
264.0,-72.0,161.5,20.93221724487458,87.11048621783347,89.69305688195044,78.10505009279508,23.864792350143702,g
263.75,-72.1875,161.875,21.392603734100646,86.08740513066446,88.5817791493359,77.71677233079721,22.96959639887082,g
263.1875,-72.375,161.5,21.392603734100646,86.08740513066446,89.69305688195044,78.10505009279508,23.41719437450726,g
263.3125,-72.4375,160.875,21.392603734100646,86.59894567424897,90.80433461456504,78.10505009279508,22.96959639887082,g
263.3125,-72.5,160.5625,21.8529902233267,85.57586458707996,89.69305688195044,77.71677233079721,23.41719437450726,g
263.25,-72.625,160.75,21.392603734100646,87.11048621783347,90.80433461456504,78.49332785479294,22.521998423234407,g
263.5625,-72.625,160.125,19.551057777196505,86.59894567424897,93.02689007979419,77.71677233079721,21.179204496325085,g
264.0,-72.6875,158.875,21.392603734100646,86.08740513066446,90.24869574825775,78.10505009279508,21.179204496325085,g
263.6875,-72.625,160.0625,21.392603734100646,87.11048621783347,91.35997348087234,78.10505009279508,21.179204496325085,g
263.75,-73.0,159.375,20.47183075564854,87.11048621783347,89.69305688195044,78.10505009279508,21.626802471961568,g
263.9375,-72.875,158.9375,20.47183075564854,87.11048621783347,90.24869574825775,77.32849456879936,21.626802471961568,g
263.75,-72.9375,158.75,21.392603734100646,86.08740513066446,90.24869574825775,77.32849456879936,22.07440044759798,g
263.8125,-73.0,158.9375,20.93221724487458,85.57586458707996,90.24869574825775,77.71677233079721,21.626802471961568,g
264.0,-73.0,158.75,21.392603734100646,86.59894567424897,89.69305688195044,77.32849456879936,21.626802471961568,g
263.8125,-73.0,159.5,20.47183075564854,86.08740513066446,90.24869574825775,78.10505009279508,22.521998423234407,g
263.75,-72.9375,159.1875,21.8529902233267,86.59894567424897,89.69305688195044,77.71677233079721,22.521998423234407,g
264.25,-72.75,159.1875,21.392603734100646,86.59894567424897,89.69305688195044,77.32849456879936,22.521998423234407,g
263.875,-72.5,159.5,21.392603734100646,87.11048621783347,89.1374180156432,77.71677233079721,22.96959639887082,g
264.25,-72.625,158.875,20.93221724487458,86.08740513066446,90.80433461456504,77.71677233079721,21.626802471961568,g
264.1875,-72.6875,158.9375,21.392603734100646,86.08740513066446,89.69305688195044,77.71677233079721,22.07440044759798,g
264.1875,-72.8125,158.9375,20.93221724487458,85.57586458707996,90.24869574825775,78.10505009279508,22.07440044759798,g
